category;title;price;available_quantity;sold_quantity;permalink
chromecast;Google Chromecast 3rd Generation  Full Hd  Carbón;5790;9;10;https://www.mercadolibre.com.ar/google-chromecast-3rd-generation-full-hd-carbon/p/MLA13841393
chromecast;Google Chromecast Ultra  4k  Negro Con Memoria Ram De 1gb;14500;998;21;https://www.mercadolibre.com.ar/google-chromecast-ultra-4k-negro-con-memoria-ram-de-1gb/p/MLA6304839
chromecast;Google Chromecast 1st Generation H2g2-42  Full Hd 2gb  Negro Con Memoria Ram De 512mb;4999;79;40;https://www.mercadolibre.com.ar/google-chromecast-1st-generation-h2g2-42-full-hd-2gb-negro-con-memoria-ram-de-512mb/p/MLA6125043
chromecast;Google Chromecast 3 Generacion Nuevo En Caja Hdmi C/ Fuente;5819;50;5000;https://articulo.mercadolibre.com.ar/MLA-782706781-google-chromecast-3-generacion-nuevo-en-caja-hdmi-c-fuente-_JM
chromecast;Google Chromecast 3 Generacion Smart Tv Usb Caja Original;5789;50;500;https://articulo.mercadolibre.com.ar/MLA-759895299-google-chromecast-3-generacion-smart-tv-usb-caja-original-_JM
chromecast;Google Chromecast 3 Generacion Tv Hdmi En Caja 100% Original;5809;100;500;https://articulo.mercadolibre.com.ar/MLA-770830113-google-chromecast-3-generacion-tv-hdmi-en-caja-100-original-_JM
chromecast;Google Chromecast 3 Generacion Nuevo En Caja Hdmi + Usb;7290;50;500;https://articulo.mercadolibre.com.ar/MLA-825357651-google-chromecast-3-generacion-nuevo-en-caja-hdmi-usb-_JM
chromecast;Google Chromecast 3 Original 100% Smart Tv Hdmi Garantia 1 Año Y Factura;5749;100;5000;https://articulo.mercadolibre.com.ar/MLA-625783367-google-chromecast-3-original-100-smart-tv-hdmi-garantia-1-ano-y-factura-_JM
chromecast;Chromecast 3era Generación 2019 Hdmi Netflix Smart Tv;5899;1;500;https://articulo.mercadolibre.com.ar/MLA-618673320-chromecast-3era-generacion-2019-hdmi-netflix-smart-tv-_JM
chromecast;Google Chromecast 3 Generacion 1080p Caja 100% Original;5779;50;500;https://articulo.mercadolibre.com.ar/MLA-746583594-google-chromecast-3-generacion-1080p-caja-100-original-_JM
chromecast;Google Chrome Cast 3 Gen Hdmi Wifi Dual Chromecast S/fuente;6990;1;500;https://articulo.mercadolibre.com.ar/MLA-625266460-google-chrome-cast-3-gen-hdmi-wifi-dual-chromecast-sfuente-_JM
chromecast;Google Chromecast 3 Nuevo Smart Tv Hdmi Netflix Caja Fuente;5779;150;500;https://articulo.mercadolibre.com.ar/MLA-759911380-google-chromecast-3-nuevo-smart-tv-hdmi-netflix-caja-fuente-_JM
chromecast;Google Chromecast 3 Smart Tv Hdmi Wifi Fuente Original;6150;1;500;https://articulo.mercadolibre.com.ar/MLA-718785259-google-chromecast-3-smart-tv-hdmi-wifi-fuente-original-_JM
chromecast;Google Chromecast 3 Generacion Nuevo En Caja Hdmi Sin Fuente;5739;50;500;https://articulo.mercadolibre.com.ar/MLA-782706893-google-chromecast-3-generacion-nuevo-en-caja-hdmi-sin-fuente-_JM
chromecast;Google Chromecast Smart Tv Usb Wifi Hdmi Android Stream;5799;50;50;https://articulo.mercadolibre.com.ar/MLA-618931366-google-chromecast-smart-tv-usb-wifi-hdmi-android-stream-_JM
chromecast;Google Chromecast 3 Generacion Original En Caja Hdmi Usb;5799;1;500;https://articulo.mercadolibre.com.ar/MLA-762401890-google-chromecast-3-generacion-original-en-caja-hdmi-usb-_JM
chromecast;Google Chromecast 3 Nuevo Smart Tv Hdmi Netflix Caja Usb;5739;250;500;https://articulo.mercadolibre.com.ar/MLA-773339747-google-chromecast-3-nuevo-smart-tv-hdmi-netflix-caja-usb-_JM
chromecast;Convertidor Smart Tv Google Apps + Netflix Flow Spotify Y Mas App + Envios !!;5899;1;5;https://articulo.mercadolibre.com.ar/MLA-800925844-convertidor-smart-tv-google-apps-netflix-flow-spotify-y-mas-app-envios--_JM
chromecast;Google Chromecast 3 Generacion Original En Caja Hdmi Usb;5719;50;500;https://articulo.mercadolibre.com.ar/MLA-676220156-google-chromecast-3-generacion-original-en-caja-hdmi-usb-_JM
chromecast;Google Chromecast 3 2019 Caja Sellada + Adaptador Ade Ramos;6999;1;25;https://articulo.mercadolibre.com.ar/MLA-785515482-google-chromecast-3-2019-caja-sellada-adaptador-ade-ramos-_JM
chromecast;Google Chromecast 3 Generacion Smart Tv Netflix Original;5729;50;500;https://articulo.mercadolibre.com.ar/MLA-770888815-google-chromecast-3-generacion-smart-tv-netflix-original-_JM
chromecast;Google Chromecast 3rd Generación  Full Hd C/fuente Y Cables;5815;500;25;https://articulo.mercadolibre.com.ar/MLA-901541598-google-chromecast-3rd-generacion-full-hd-cfuente-y-cables-_JM
chromecast;Google Chromecast 3 Generacion Smart Tv Hdmi Usb Nuevo Orig;6030;150;250;https://articulo.mercadolibre.com.ar/MLA-787935586-google-chromecast-3-generacion-smart-tv-hdmi-usb-nuevo-orig-_JM
chromecast;Nuevo Google Chromecast 3ra Gen Smart Tv Box Netflix Flow Streaming Full Hd;5799;1;500;https://articulo.mercadolibre.com.ar/MLA-636992255-nuevo-google-chromecast-3ra-gen-smart-tv-box-netflix-flow-streaming-full-hd-_JM
chromecast;Google Smart Tv Kit  Home Mini 3ra + Chromecast 3ra Negro;11499;1;3;https://articulo.mercadolibre.com.ar/MLA-899655661-google-smart-tv-kit-home-mini-3ra-chromecast-3ra-negro-_JM
chromecast;Google Chromecast 3 Generacion En Caja Hdmi C/ Fuente;7299;50;1;https://articulo.mercadolibre.com.ar/MLA-902659054-google-chromecast-3-generacion-en-caja-hdmi-c-fuente-_JM
chromecast;Google Chromecast 3 2019 Hdmi Smart Tv Netflix Youtube 1080;6399;1;5;https://articulo.mercadolibre.com.ar/MLA-758742270-google-chromecast-3-2019-hdmi-smart-tv-netflix-youtube-1080-_JM
chromecast;Google Chromecast 3rd Gen. Full Hd 2gb Carbón 512mb Ram;5775;1;5;https://articulo.mercadolibre.com.ar/MLA-900108246-google-chromecast-3rd-gen-full-hd-2gb-carbon-512mb-ram-_JM
chromecast;Google Chromecast 3 Generacion Smart Tv Netflix Original;7279;50;500;https://articulo.mercadolibre.com.ar/MLA-825358802-google-chromecast-3-generacion-smart-tv-netflix-original-_JM
chromecast;Google Chromecast 3ra Generacion Smart Tv Netflix  Wifi;6055;1;250;https://articulo.mercadolibre.com.ar/MLA-677346101-google-chromecast-3ra-generacion-smart-tv-netflix-wifi-_JM
chromecast;Google Chromecast 3 Smart Tv Hdmi Usb Netflix Disney Spotify;7999;1;3;https://articulo.mercadolibre.com.ar/MLA-878319668-google-chromecast-3-smart-tv-hdmi-usb-netflix-disney-spotify-_JM
chromecast;Google Chromecast 3 Smart Tv Hdmi Wifi Fuente Original;6390;1;5;https://articulo.mercadolibre.com.ar/MLA-898538224-google-chromecast-3-smart-tv-hdmi-wifi-fuente-original-_JM
chromecast;Google Chromecast 3rd Generation  Full Hd  Carbón;7699;1;5;https://articulo.mercadolibre.com.ar/MLA-901333521-google-chromecast-3rd-generation-full-hd-carbon-_JM
chromecast;Google Chromecast 3ra Streaming Netflix Chrome Cast;8570;1;500;https://articulo.mercadolibre.com.ar/MLA-654558316-google-chromecast-3ra-streaming-netflix-chrome-cast-_JM
chromecast;Google Chromecast 3 Gen Smart Tv Hdmi Caja C/ Fuente;7299;50;5;https://articulo.mercadolibre.com.ar/MLA-885640080-google-chromecast-3-gen-smart-tv-hdmi-caja-c-fuente-_JM
chromecast;Google Chromecast 3 Gen Smart Tv Android Hdmi 1080p Adapter;6139.9;1;2;https://articulo.mercadolibre.com.ar/MLA-884854846-google-chromecast-3-gen-smart-tv-android-hdmi-1080p-adapter-_JM
chromecast;Google Chromecast 3rd Generation  Full Hd  Carbón Altavista;5809;1;1;https://articulo.mercadolibre.com.ar/MLA-902892481-google-chromecast-3rd-generation-full-hd-carbon-altavista-_JM
chromecast;Google Chromecast 2 Smart Tv Usb Wifi Hdmi Android Stream;7539;50;5;https://articulo.mercadolibre.com.ar/MLA-869458999-google-chromecast-2-smart-tv-usb-wifi-hdmi-android-stream-_JM
chromecast;Google Chromecast 3ra Generacion Smart Tv Netflix  Wifi;6055;1;200;https://articulo.mercadolibre.com.ar/MLA-677346055-google-chromecast-3ra-generacion-smart-tv-netflix-wifi-_JM
chromecast;Google Chromecast Cromecast Nc2-6a5 Netflix Youtube Spotify;8498.9;1;5;https://articulo.mercadolibre.com.ar/MLA-874302440-google-chromecast-cromecast-nc2-6a5-netflix-youtube-spotify-_JM
chromecast;Google Chromecast 3rd Gen Full Hd Internet Streaming Netflix;6487;1;2;https://articulo.mercadolibre.com.ar/MLA-897616926-google-chromecast-3rd-gen-full-hd-internet-streaming-netflix-_JM
chromecast;Google Chromecast 3 Generación Smart Tv Usb Ga00439-us;6852;1;3;https://articulo.mercadolibre.com.ar/MLA-828738424-google-chromecast-3-generacion-smart-tv-usb-ga00439-us-_JM
chromecast;Google Chromecast 3rd Generation Full Hd Fuente Y Adaptador;7499;1;2;https://articulo.mercadolibre.com.ar/MLA-901226499-google-chromecast-3rd-generation-full-hd-fuente-y-adaptador-_JM
chromecast;Google Chromecast 3 Generacion En Caja 100% Original Usb;7249;50;500;https://articulo.mercadolibre.com.ar/MLA-615552953-google-chromecast-3-generacion-en-caja-100-original-usb-_JM
chromecast;Chrome Cast 3ra Gen Hdmi Wifi Dual Band Envío Gratis;7869.69;1;5;https://articulo.mercadolibre.com.ar/MLA-790427658-chrome-cast-3ra-gen-hdmi-wifi-dual-band-envio-gratis-_JM
chromecast;Google Chromecast 3 Smart Tv Hdmi Usb Garantia Otero Hogar;6178.94;1;5;https://articulo.mercadolibre.com.ar/MLA-784446362-google-chromecast-3-smart-tv-hdmi-usb-garantia-otero-hogar-_JM
chromecast;Rosario Google Chromecast 3 Converti Tu Tv En Smart;6295;1;5;https://articulo.mercadolibre.com.ar/MLA-635838520-rosario-google-chromecast-3-converti-tu-tv-en-smart-_JM
chromecast;Google Chromecast 3ra Generacion Smart Tv Netflix  Wifi;6055;1;500;https://articulo.mercadolibre.com.ar/MLA-699101376-google-chromecast-3ra-generacion-smart-tv-netflix-wifi-_JM
chromecast;Google Chromecast 3ra Generacion Smart Tv Usb + Adapt Ramos;9984.99;1;5;https://articulo.mercadolibre.com.ar/MLA-637868001-google-chromecast-3ra-generacion-smart-tv-usb-adapt-ramos-_JM
chromecast;Google Chromecast 3ra Generación;7999;1;5;https://articulo.mercadolibre.com.ar/MLA-848053005-google-chromecast-3ra-generacion-_JM
fire stick;Amazon Fire Tv Stick 4k  De Voz 4k 8gb  Negro Con Memoria Ram De 1.5gb;7420;26;565;https://www.mercadolibre.com.ar/amazon-fire-tv-stick-4k-de-voz-4k-8gb-negro-con-memoria-ram-de-15gb/p/MLA14141341
fire stick;Amazon Fire Tv Stick 2nd Generation  De Voz Full Hd 8gb  Negro Con Memoria Ram De 1gb;6999;18;31;https://www.mercadolibre.com.ar/amazon-fire-tv-stick-2nd-generation-de-voz-full-hd-8gb-negro-con-memoria-ram-de-1gb/p/MLA12188540
fire stick;Amazon Fire Tv Stick Lite  De Voz Full Hd 8gb  Negro Con Memoria Ram De 1gb;6268.68;13;4;https://www.mercadolibre.com.ar/amazon-fire-tv-stick-lite-de-voz-full-hd-8gb-negro-con-memoria-ram-de-1gb/p/MLA16369065
fire stick;Fire Tv Stick 4k Amazon;7999.99;1;5;https://articulo.mercadolibre.com.ar/MLA-898709517-fire-tv-stick-4k-amazon-_JM
fire stick;Amazon Fire Tv Stick 2nd Generation Fullhd 8gb Alexa Voice;8199;1;5;https://articulo.mercadolibre.com.ar/MLA-869906411-amazon-fire-tv-stick-2nd-generation-fullhd-8gb-alexa-voice-_JM
fire stick;Amazon Fire Tv Stick 2nd Generation Fullhd 8gb Alexa Voice;10199;1;1;https://articulo.mercadolibre.com.ar/MLA-874274069-amazon-fire-tv-stick-2nd-generation-fullhd-8gb-alexa-voice-_JM
fire stick;Amazon Fire Tv Stick (2nd Generation)  Full Hd 8gb Negro;6999;1;1;https://articulo.mercadolibre.com.ar/MLA-900341050-amazon-fire-tv-stick-2nd-generation-full-hd-8gb-negro-_JM
fire stick;Amazon Fire Tv Stick 4k De Voz 4k 8gb Negro Con Memoria Ram;9699;1;5;https://articulo.mercadolibre.com.ar/MLA-873978802-amazon-fire-tv-stick-4k-de-voz-4k-8gb-negro-con-memoria-ram-_JM
fire stick;Amazon Fire Tv Stick 4k De Voz 4k 8gb Negro Con Memoria Ram;7999;1;25;https://articulo.mercadolibre.com.ar/MLA-897072207-amazon-fire-tv-stick-4k-de-voz-4k-8gb-negro-con-memoria-ram-_JM
fire stick;Amazon Fire Tv Stick 4k De Voz 4k 8gb Negro Con Memoria Ram;8999;1;25;https://articulo.mercadolibre.com.ar/MLA-880138735-amazon-fire-tv-stick-4k-de-voz-4k-8gb-negro-con-memoria-ram-_JM
fire stick;Amazon Fire Tv Stick 4k De Voz 4k 8gb Negro Con Memoria Ram;7999;1;5;https://articulo.mercadolibre.com.ar/MLA-873976887-amazon-fire-tv-stick-4k-de-voz-4k-8gb-negro-con-memoria-ram-_JM
fire stick;Amazon Fire Tv Stick 4k De Voz 4k 8gb Negro Con Memoria Ram;10999;150;5;https://articulo.mercadolibre.com.ar/MLA-880141130-amazon-fire-tv-stick-4k-de-voz-4k-8gb-negro-con-memoria-ram-_JM
fire stick;Amazon Fire Tv Stick 4k Alexa Voice Remote New Caja Sellada;7900;1;2;https://articulo.mercadolibre.com.ar/MLA-902099297-amazon-fire-tv-stick-4k-alexa-voice-remote-new-caja-sellada-_JM
fire stick;Amazon Fire Tv 4k Stick Full Hd 8gb Alexa Control D Voz;9699;100;5;https://articulo.mercadolibre.com.ar/MLA-873977850-amazon-fire-tv-4k-stick-full-hd-8gb-alexa-control-d-voz-_JM
fire stick;Amazon Fire Tv Stick 4k Control De Voz Full Hd 8gb 4k;7999;100;5;https://articulo.mercadolibre.com.ar/MLA-873978680-amazon-fire-tv-stick-4k-control-de-voz-full-hd-8gb-4k-_JM
fire stick;Amazon Fire Tv Stick 4k Alexa Chromecast Netflix;7385;1;1;https://articulo.mercadolibre.com.ar/MLA-900542446-amazon-fire-tv-stick-4k-alexa-chromecast-netflix-_JM
fire stick;Amazon Fire Tv Stick 4k De Voz 4k 8gb Negro Con Memoria Ram;8453.25;1;0;https://articulo.mercadolibre.com.ar/MLA-902676983-amazon-fire-tv-stick-4k-de-voz-4k-8gb-negro-con-memoria-ram-_JM
fire stick;Amazon Fire Tv Stick Negro Mando Voz Full Hd 8gb Ram 1gb;9449;1;0;https://articulo.mercadolibre.com.ar/MLA-901312804-amazon-fire-tv-stick-negro-mando-voz-full-hd-8gb-ram-1gb-_JM
fire stick;Amazon Fire Tv Stick 4k Alexa Voice Remote New Caja Sellada;7900;1;0;https://articulo.mercadolibre.com.ar/MLA-902101356-amazon-fire-tv-stick-4k-alexa-voice-remote-new-caja-sellada-_JM
fire stick;Amazon Fire Tv Stick 2da Generacion Voz Full Hd 8gb;10529;1;0;https://articulo.mercadolibre.com.ar/MLA-876151362-amazon-fire-tv-stick-2da-generacion-voz-full-hd-8gb-_JM
fire stick;Amazon Reproductor Multimedia Fire Tv Stick 4k;7900;1;1;https://articulo.mercadolibre.com.ar/MLA-868449113-amazon-reproductor-multimedia-fire-tv-stick-4k-_JM
fire stick;Amazon Fire Tv Stick 4k  De Voz 4k 8gb  Memoria 1gb;8850;1;0;https://articulo.mercadolibre.com.ar/MLA-901470587-amazon-fire-tv-stick-4k-de-voz-4k-8gb-memoria-1gb-_JM
fire stick;Amazon Fire Tv Stick 2da Generacion Voz Full Hd 8gb;8609;1;0;https://articulo.mercadolibre.com.ar/MLA-876150747-amazon-fire-tv-stick-2da-generacion-voz-full-hd-8gb-_JM
fire stick;Fire Tv Stick;10500;1;0;https://articulo.mercadolibre.com.ar/MLA-900642499-fire-tv-stick-_JM
fire stick;Fire Tv Stick De Amazon Stream Con Alexa Nuevo;11999;1;1;https://articulo.mercadolibre.com.ar/MLA-854733282-fire-tv-stick-de-amazon-stream-con-alexa-nuevo-_JM
fire stick;Fire Tv Stick 4k Amazon Control Remoto X Voz 1.5gb Ram 8gb;7949.99;1;1;https://articulo.mercadolibre.com.ar/MLA-898873533-fire-tv-stick-4k-amazon-control-remoto-x-voz-15gb-ram-8gb-_JM
fire stick;Fire Tv Stick;9499;1;0;https://articulo.mercadolibre.com.ar/MLA-898243309-fire-tv-stick-_JM
fire stick;Amazon Fire Tv Stick 4k Con Alexa Voice Remote 2da Ge Cuotas;11444;1;1;https://articulo.mercadolibre.com.ar/MLA-825523916-amazon-fire-tv-stick-4k-con-alexa-voice-remote-2da-ge-cuotas-_JM
fire stick;Amazon Fire Tv Stick Lite  De Voz Full Hd 8gb  Negro Start;6268.68;1;0;https://articulo.mercadolibre.com.ar/MLA-902678389-amazon-fire-tv-stick-lite-de-voz-full-hd-8gb-negro-start-_JM
fire stick;Amazon Fire Tv Stick 4k Con Alexa Voice Remote 2da Gen Netfl;8941;1;3;https://articulo.mercadolibre.com.ar/MLA-825524983-amazon-fire-tv-stick-4k-con-alexa-voice-remote-2da-gen-netfl-_JM
fire stick;Fire Tv Stick 4k Amazon Control Remoto X Voz 1.5gb Ram 8gb;7999.99;1;0;https://articulo.mercadolibre.com.ar/MLA-898875357-fire-tv-stick-4k-amazon-control-remoto-x-voz-15gb-ram-8gb-_JM
fire stick;Amazon Diré Tv Stick 4k Alexandro Control Por Voz;8500;1;0;https://articulo.mercadolibre.com.ar/MLA-869722079-amazon-dire-tv-stick-4k-alexandro-control-por-voz-_JM
fire stick;Izalo: Amazon Fire Tv Stick Full Hd 1080p + Mercadopago;7999;1;1;https://articulo.mercadolibre.com.ar/MLA-874120041-izalo-amazon-fire-tv-stick-full-hd-1080p-mercadopago-_JM
fire stick;Amazon Fire Tv Stick (2nd Generation) Full Hd 8gb - Alexa;7500;1;0;https://articulo.mercadolibre.com.ar/MLA-901990646-amazon-fire-tv-stick-2nd-generation-full-hd-8gb-alexa-_JM
fire stick;Amazon Fire Tv Stick;7800;1;0;https://articulo.mercadolibre.com.ar/MLA-898707580-amazon-fire-tv-stick-_JM
fire stick;Izalo: Amazon Fire Tv Stick Full Hd 1080p + Mercadopago;9699;1;0;https://articulo.mercadolibre.com.ar/MLA-874118834-izalo-amazon-fire-tv-stick-full-hd-1080p-mercadopago-_JM
fire stick;Amazon Fire Tv Stick;7000;1;0;https://articulo.mercadolibre.com.ar/MLA-857318804-amazon-fire-tv-stick-_JM
fire stick;Amazon Fire Tv Stick 2da Gen With Alexa C/ Remoto Original;17756.81;50;0;https://articulo.mercadolibre.com.ar/MLA-880456993-amazon-fire-tv-stick-2da-gen-with-alexa-c-remoto-original-_JM
fire stick;Ethernet Adapter For Tv Stick, Fire Stick Ethernet Adapte...;3980;1;0;https://articulo.mercadolibre.com.ar/MLA-871616472-ethernet-adapter-for-tv-stick-fire-stick-ethernet-adapte-_JM
fire stick;Amazon Fire Tv Stick 4k De Voz 4k 8gb;7500;1;0;https://articulo.mercadolibre.com.ar/MLA-899808232-amazon-fire-tv-stick-4k-de-voz-4k-8gb-_JM
fire stick;Amazon Fire Tv Stick 2nd Generation;6000;1;0;https://articulo.mercadolibre.com.ar/MLA-902428739-amazon-fire-tv-stick-2nd-generation-_JM
fire stick;Amazon Fire Tv Stick 4k Ultra Hd Con Mando Por Voz Alexa;7950;1;0;https://articulo.mercadolibre.com.ar/MLA-900255320-amazon-fire-tv-stick-4k-ultra-hd-con-mando-por-voz-alexa-_JM
fire stick;Fire Stick Tv Amazon;5500;1;0;https://articulo.mercadolibre.com.ar/MLA-899668053-fire-stick-tv-amazon-_JM
fire stick;Amazon Fire Tv Stick 4k Ultra Hd Con Mando Por Voz Alexa;7800;1;0;https://articulo.mercadolibre.com.ar/MLA-900665600-amazon-fire-tv-stick-4k-ultra-hd-con-mando-por-voz-alexa-_JM
fire stick;Amazon Fire Tv Stick Stream Alexa Hdmi Smart 2gen. Fact A B;8374.98;1;3;https://articulo.mercadolibre.com.ar/MLA-761960328-amazon-fire-tv-stick-stream-alexa-hdmi-smart-2gen-fact-a-b-_JM
fire stick;Amazon Fire Tv Stick 2da Generacion Voz Full Hd 8gb;8787.45;1;0;https://articulo.mercadolibre.com.ar/MLA-876021480-amazon-fire-tv-stick-2da-generacion-voz-full-hd-8gb-_JM
fire stick;Amazon Fire Tv Stick 2da Generacion Voz Full Hd 8gb;11055.45;1;0;https://articulo.mercadolibre.com.ar/MLA-876020942-amazon-fire-tv-stick-2da-generacion-voz-full-hd-8gb-_JM
fire stick;Amazon Fire Tv Stick Con Alexa Voice Remote 2da Gen N Cuotas;11022;1;2;https://articulo.mercadolibre.com.ar/MLA-823994592-amazon-fire-tv-stick-con-alexa-voice-remote-2da-gen-n-cuotas-_JM
fire stick;Amazon Fire Tv Stick Con Alexa Voice Remote 2da Gen Netflix;8611;1;5;https://articulo.mercadolibre.com.ar/MLA-823995213-amazon-fire-tv-stick-con-alexa-voice-remote-2da-gen-netflix-_JM
fire stick;Amazon Fire Tv Stick 4k De Voz 4k 8gb Negro Con Memoria Ram;23019.21;250;0;https://articulo.mercadolibre.com.ar/MLA-880457320-amazon-fire-tv-stick-4k-de-voz-4k-8gb-negro-con-memoria-ram-_JM
google home mini;Google Home Mini Asistente Virtual Esp Fuente Caja Cerrada;4599;1;100;https://articulo.mercadolibre.com.ar/MLA-899061743-google-home-mini-asistente-virtual-esp-fuente-caja-cerrada-_JM
google home mini;Google Home Mini Asistente Virtual Spotify Netflix Youtube;4281;1;5;https://articulo.mercadolibre.com.ar/MLA-897398235-google-home-mini-asistente-virtual-spotify-netflix-youtube-_JM
google home mini;Google Home Mini Asistente Virtual;6999;1;250;https://articulo.mercadolibre.com.ar/MLA-829306982-google-home-mini-asistente-virtual-_JM
google home mini;Google Home Mini Español Parlante Virtual Con Fuente Spotify;5499;1;50;https://articulo.mercadolibre.com.ar/MLA-763381285-google-home-mini-espanol-parlante-virtual-con-fuente-spotify-_JM
google home mini;Google Home Mini Asistente Virtual En Español Con Fuente;4810;1;50;https://articulo.mercadolibre.com.ar/MLA-873210691-google-home-mini-asistente-virtual-en-espanol-con-fuente-_JM
google home mini;Google Home Hub Asistente Virtual Mini - Youtube Spotify * *;27899;1;5;https://articulo.mercadolibre.com.ar/MLA-763563652-google-home-hub-asistente-virtual-mini-youtube-spotify--_JM
google home mini;Google Home Mini Asistente Virtual Youtube Spotify Sin Caja;3499;500;150;https://articulo.mercadolibre.com.ar/MLA-880459351-google-home-mini-asistente-virtual-youtube-spotify-sin-caja-_JM
google home mini;Google Home Mini Asistente Virtual Español Sotify Youtube;4281;1;5;https://articulo.mercadolibre.com.ar/MLA-900670986-google-home-mini-asistente-virtual-espanol-sotify-youtube-_JM
google home mini;Google Home Mini Asistente Virtual Netflix Youtube Gtia;4892;500;5;https://articulo.mercadolibre.com.ar/MLA-897516343-google-home-mini-asistente-virtual-netflix-youtube-gtia-_JM
google home mini;Google Nest Mini 2 Asistente Virtual Tiza Fact A-b;6261.22;1;5;https://articulo.mercadolibre.com.ar/MLA-829590498-google-nest-mini-2-asistente-virtual-tiza-fact-a-b-_JM
google home mini;Soporte Stand Estilo Reloj Para Google Home Mini Negro;6639;1;0;https://articulo.mercadolibre.com.ar/MLA-860966498-soporte-stand-estilo-reloj-para-google-home-mini-negro-_JM
google home mini;Google Home Mini Parlante Virtual C/fuente Spotify Sin Caja;3499;500;25;https://articulo.mercadolibre.com.ar/MLA-880462434-google-home-mini-parlante-virtual-cfuente-spotify-sin-caja-_JM
google home mini;Google Home Mini Asistente Virtual Spotify Netflix Youtube;5999;1;5;https://articulo.mercadolibre.com.ar/MLA-865566225-google-home-mini-asistente-virtual-spotify-netflix-youtube-_JM
google home mini;Google Home Asistente Virtual / Spotify Youtube Netflix;19640;1;5;https://articulo.mercadolibre.com.ar/MLA-773304180-google-home-asistente-virtual-spotify-youtube-netflix-_JM
google home mini;Parlante Google Home Mini Asistente Virtual Voz Garantia;5799;1;2;https://articulo.mercadolibre.com.ar/MLA-869795421-parlante-google-home-mini-asistente-virtual-voz-garantia-_JM
google home mini;Google Home Mini Asistente Virtual En Español Sin Caja Nuevo;3499;500;50;https://articulo.mercadolibre.com.ar/MLA-880461992-google-home-mini-asistente-virtual-en-espanol-sin-caja-nuevo-_JM
google home mini;Parlante Google Nest Mini 2 Asistente Virtual Español Smart;6999;1;0;https://articulo.mercadolibre.com.ar/MLA-902472258-parlante-google-nest-mini-2-asistente-virtual-espanol-smart-_JM
google home mini;Google Home Mini En Español Asistente Virtual Sin Caja Nuevo;4499;500;5;https://articulo.mercadolibre.com.ar/MLA-880462252-google-home-mini-en-espanol-asistente-virtual-sin-caja-nuevo-_JM
google home mini;Google Home Mini Asistente Virtual Original Android iPhone;5799;1;1;https://articulo.mercadolibre.com.ar/MLA-869796950-google-home-mini-asistente-virtual-original-android-iphone-_JM
google home mini;Google Nest Mini 2 Asistente Virtual Tiza Fact A-b;7565.65;1;5;https://articulo.mercadolibre.com.ar/MLA-829590505-google-nest-mini-2-asistente-virtual-tiza-fact-a-b-_JM
google home mini;Smart Tv Kit: Google Chromecast 3 Y Google Home Mini;9291;1;0;https://articulo.mercadolibre.com.ar/MLA-900674340-smart-tv-kit-google-chromecast-3-y-google-home-mini-_JM
google home mini;Google Home Mini Asistente Virtual / Spotify Youtube Netflix;6400;1;4;https://articulo.mercadolibre.com.ar/MLA-762283141-google-home-mini-asistente-virtual-spotify-youtube-netflix-_JM
google home mini;Google Home Mini Parlante Original Gris Cuotas Ade;7499;1;0;https://articulo.mercadolibre.com.ar/MLA-873235618-google-home-mini-parlante-original-gris-cuotas-ade-_JM
google home mini;Google Home Mini Parlante Asistente Virtual Nuevo Sin Caja;4499;500;3;https://articulo.mercadolibre.com.ar/MLA-880463160-google-home-mini-parlante-asistente-virtual-nuevo-sin-caja-_JM
google home mini;Google Home Mini Asistente Virtual Spotify Netflix Youtube;4299;1;0;https://articulo.mercadolibre.com.ar/MLA-899284958-google-home-mini-asistente-virtual-spotify-netflix-youtube-_JM
google home mini;Soporte Stand Para Google Home Mini (impreso En 3d);1600;1;0;https://articulo.mercadolibre.com.ar/MLA-865181034-soporte-stand-para-google-home-mini-impreso-en-3d-_JM
google home mini;Google Home Mini Wifi Gris Modelo Ga00216;7859.47;1;0;https://articulo.mercadolibre.com.ar/MLA-818591814-google-home-mini-wifi-gris-modelo-ga00216-_JM
google home mini;Google Home Mini Ga-00210-us _s;4320;1;0;https://articulo.mercadolibre.com.ar/MLA-902591183-google-home-mini-ga-00210-us-s-_JM
google home mini;Google Home Mini Parlante Español Ok Google Android + Cuotas;7099;1;1;https://articulo.mercadolibre.com.ar/MLA-869796473-google-home-mini-parlante-espanol-ok-google-android-cuotas-_JM
google home mini;Google Home Mini Asistente Virtual Youtube Spotify Sin Caja;4499;500;5;https://articulo.mercadolibre.com.ar/MLA-880459663-google-home-mini-asistente-virtual-youtube-spotify-sin-caja-_JM
google home mini;Google Home Mini Parlante Asistente Virtual Charcoal Premium;7979.99;1;0;https://articulo.mercadolibre.com.ar/MLA-886635296-google-home-mini-parlante-asistente-virtual-charcoal-premium-_JM
google home mini;Google Home Mini Asistente Virtual Spotify Youtube Español;4799;1;0;https://articulo.mercadolibre.com.ar/MLA-897110711-google-home-mini-asistente-virtual-spotify-youtube-espanol-_JM
google home mini;Soporte Stand Para Google Home Mini Negro;3909;1;5;https://articulo.mercadolibre.com.ar/MLA-861286938-soporte-stand-para-google-home-mini-negro-_JM
google home mini;Google Home Mini Parlante Asistente Virtual Charcoal Calidad;7999.99;1;0;https://articulo.mercadolibre.com.ar/MLA-886634812-google-home-mini-parlante-asistente-virtual-charcoal-calidad-_JM
google home mini;Google Home Mini Parlante Original Gris Ade Ramos;5999;1;0;https://articulo.mercadolibre.com.ar/MLA-878679776-google-home-mini-parlante-original-gris-ade-ramos-_JM
google home mini;Google Home Mini Asistente Virtual Español Caja Sellada;5299;1;0;https://articulo.mercadolibre.com.ar/MLA-897109960-google-home-mini-asistente-virtual-espanol-caja-sellada-_JM
google home mini;Google Home Mini Asistente Virtual Spotify Netflix Youtube;7470;1;5;https://articulo.mercadolibre.com.ar/MLA-838212566-google-home-mini-asistente-virtual-spotify-netflix-youtube-_JM
google home mini;Google Home Mini Parlante Asistente Virtual Control X Voz;15059.83;500;0;https://articulo.mercadolibre.com.ar/MLA-884627772-google-home-mini-parlante-asistente-virtual-control-x-voz-_JM
google home mini;Soporte Stand Para Google Home Mini Charcoal;4609;1;0;https://articulo.mercadolibre.com.ar/MLA-860969801-soporte-stand-para-google-home-mini-charcoal-_JM
google home mini;Soporte Stand Estilo Reloj Para Google Home Mini Blanco;6579;1;1;https://articulo.mercadolibre.com.ar/MLA-860966852-soporte-stand-estilo-reloj-para-google-home-mini-blanco-_JM
google home mini;Soporte Stand Para Google Home Mini Plateado;4619;1;2;https://articulo.mercadolibre.com.ar/MLA-860969907-soporte-stand-para-google-home-mini-plateado-_JM
google home mini;Google Home Mini Asistente Virtual + Fuente;6490;1;0;https://articulo.mercadolibre.com.ar/MLA-874345304-google-home-mini-asistente-virtual-fuente-_JM
google home mini;Parlante Inteligente Google Home Mini Asistente Virtual;6769;1;0;https://articulo.mercadolibre.com.ar/MLA-878702580-parlante-inteligente-google-home-mini-asistente-virtual-_JM
google home mini;Asistente De Google Home Mini;6499;1;0;https://articulo.mercadolibre.com.ar/MLA-872904951-asistente-de-google-home-mini-_JM
google home mini;Google Home Mini Asistente Virtual;4250;1;0;https://articulo.mercadolibre.com.ar/MLA-883595510-google-home-mini-asistente-virtual-_JM
google home mini;Asistente De Google Home Mini Envío Gratis Y Cuotas Sin Int;6999;1;0;https://articulo.mercadolibre.com.ar/MLA-877010115-asistente-de-google-home-mini-envio-gratis-y-cuotas-sin-int-_JM
google home mini;Google Mini En Caja Nuevo;5150;1;0;https://articulo.mercadolibre.com.ar/MLA-882454709-google-mini-en-caja-nuevo-_JM
google home mini;Google Home Mini;5000;1;0;https://articulo.mercadolibre.com.ar/MLA-886564082-google-home-mini-_JM
google home mini;Soporte Para Google Home Mini;600;1;2;https://articulo.mercadolibre.com.ar/MLA-885757042-soporte-para-google-home-mini-_JM
google home mini;Google Home Mini;6500;1;0;https://articulo.mercadolibre.com.ar/MLA-900086632-google-home-mini-_JM
